"Food_Web","Mode","Rank","variable","value","Kind"
"Serengeti_deVisser","out",2,"ZeroAICC",0.403149967993497,"Strain"
"Serengeti_deVisser","out",3,"ZeroAICC",0.532958383906393,"Strain"
"Serengeti_deVisser","out",4,"ZeroAICC",0.282871853877837,"Strain"
"Serengeti_deVisser","out",5,"ZeroAICC",0.754137018536989,"Strain"
"Serengeti_deVisser","out",6,"ZeroAICC",0.730821625637535,"Strain"
"Serengeti_deVisser","out",7,"ZeroAICC",0.748362132786694,"Strain"
"Serengeti_deVisser","out",8,"ZeroAICC",0.559819583497167,"Strain"
"Serengeti_deVisser","out",9,"ZeroAICC",0.0143262946509467,"Strain"
"Serengeti_deVisser","out",10,"ZeroAICC",0.757168761660135,"Strain"
"Serengeti_deVisser","out",11,"ZeroAICC",1.13046166037818e-08,"Strain"
"Serengeti_deVisser","out",12,"ZeroAICC",0.0137721740072281,"Strain"
"Serengeti_deVisser","out",13,"ZeroAICC",5.23350242273479e-10,"Strain"
"Serengeti_deVisser","out",14,"ZeroAICC",0.0366391817403419,"Strain"
"Serengeti_deVisser","out",15,"ZeroAICC",0.753845787916657,"Strain"
"Serengeti_deVisser","in",2,"ZeroAICC",0.758021060415438,"Strain"
"Serengeti_deVisser","in",3,"ZeroAICC",0.759679777679245,"Strain"
"Serengeti_deVisser","in",4,"ZeroAICC",0.453629076137964,"Strain"
"Serengeti_deVisser","in",5,"ZeroAICC",0.753874790834568,"Strain"
"Serengeti_deVisser","in",6,"ZeroAICC",0.682427713983291,"Strain"
"Serengeti_deVisser","in",7,"ZeroAICC",0.748051032157368,"Strain"
"Serengeti_deVisser","in",8,"ZeroAICC",0.740682528490344,"Strain"
"Serengeti_deVisser","in",9,"ZeroAICC",0.644002614414372,"Strain"
"Serengeti_deVisser","in",10,"ZeroAICC",0.746261331020726,"Strain"
"Serengeti_deVisser","in",11,"ZeroAICC",2.62536299582398e-06,"Strain"
"Serengeti_deVisser","in",12,"ZeroAICC",0.00576557098796915,"Strain"
"Serengeti_deVisser","in",13,"ZeroAICC",1.19429322886529e-05,"Strain"
"Serengeti_deVisser","in",14,"ZeroAICC",0.0128644220378375,"Strain"
"Serengeti_deVisser","in",15,"ZeroAICC",0.754764619023121,"Strain"
"Serengeti_deVisser","all",1,"ZeroAICC",0.751199697288883,"Strain"
"Serengeti_deVisser","all",2,"ZeroAICC",0.757635895231125,"Strain"
"Serengeti_deVisser","all",3,"ZeroAICC",0.759051827989082,"Strain"
"Serengeti_deVisser","all",4,"ZeroAICC",0.407685852606182,"Strain"
"Serengeti_deVisser","all",5,"ZeroAICC",0.753967271828695,"Strain"
"Serengeti_deVisser","all",6,"ZeroAICC",0.70811045087801,"Strain"
"Serengeti_deVisser","all",7,"ZeroAICC",0.748787407025574,"Strain"
"Serengeti_deVisser","all",8,"ZeroAICC",0.749052998184348,"Strain"
"Serengeti_deVisser","all",9,"ZeroAICC",0.521991518351899,"Strain"
"Serengeti_deVisser","all",10,"ZeroAICC",0.755694046114862,"Strain"
"Serengeti_deVisser","all",11,"ZeroAICC",1.49486018298306e-07,"Strain"
"Serengeti_deVisser","all",12,"ZeroAICC",0.0292439507705566,"Strain"
"Serengeti_deVisser","all",13,"ZeroAICC",6.12332600891934e-08,"Strain"
"Serengeti_deVisser","all",14,"ZeroAICC",0.0240334857626734,"Strain"
"Serengeti_deVisser","all",15,"ZeroAICC",0.7545366564847,"Strain"
"Serengeti_Baskerville","out",2,"ZeroAICC",1.05682442963106e-40,"Strain"
"Serengeti_Baskerville","out",3,"ZeroAICC",2.3262299857419e-32,"Strain"
"Serengeti_Baskerville","out",4,"ZeroAICC",2.91416196197517e-22,"Strain"
"Serengeti_Baskerville","out",5,"ZeroAICC",2.69464553256454e-39,"Strain"
"Serengeti_Baskerville","out",6,"ZeroAICC",8.64833426540969e-16,"Strain"
"Serengeti_Baskerville","out",7,"ZeroAICC",4.20717521787436e-07,"Strain"
"Serengeti_Baskerville","out",8,"ZeroAICC",5.83298553240556e-05,"Strain"
"Serengeti_Baskerville","out",9,"ZeroAICC",1.02637677704651e-19,"Strain"
"Serengeti_Baskerville","out",10,"ZeroAICC",1.95099835573223e-11,"Strain"
"Serengeti_Baskerville","out",11,"ZeroAICC",1.43080382284158e-20,"Strain"
"Serengeti_Baskerville","out",12,"ZeroAICC",2.90424499231644e-16,"Strain"
"Serengeti_Baskerville","out",13,"ZeroAICC",2.1425496054872e-19,"Strain"
"Serengeti_Baskerville","out",14,"ZeroAICC",0.129662604119966,"Strain"
"Serengeti_Baskerville","out",15,"ZeroAICC",4.73270027609452e-10,"Strain"
"Serengeti_Baskerville","in",2,"ZeroAICC",5.09985559221844e-17,"Strain"
"Serengeti_Baskerville","in",3,"ZeroAICC",6.85313337388343e-17,"Strain"
"Serengeti_Baskerville","in",4,"ZeroAICC",5.8328620573333e-12,"Strain"
"Serengeti_Baskerville","in",5,"ZeroAICC",3.41116204970028e-31,"Strain"
"Serengeti_Baskerville","in",6,"ZeroAICC",1.27567050523006e-10,"Strain"
"Serengeti_Baskerville","in",7,"ZeroAICC",3.54733260813755e-05,"Strain"
"Serengeti_Baskerville","in",8,"ZeroAICC",0.209581090151065,"Strain"
"Serengeti_Baskerville","in",9,"ZeroAICC",3.85504468371436e-14,"Strain"
"Serengeti_Baskerville","in",10,"ZeroAICC",0.211960438526716,"Strain"
"Serengeti_Baskerville","in",11,"ZeroAICC",3.6566964073372e-18,"Strain"
"Serengeti_Baskerville","in",12,"ZeroAICC",1.91006858236792e-05,"Strain"
"Serengeti_Baskerville","in",13,"ZeroAICC",1.99899602631682e-10,"Strain"
"Serengeti_Baskerville","in",14,"ZeroAICC",0.711898084701839,"Strain"
"Serengeti_Baskerville","in",15,"ZeroAICC",0.0564960708696595,"Strain"
"Serengeti_Baskerville","all",1,"ZeroAICC",9.22065396597841e-40,"Strain"
"Serengeti_Baskerville","all",2,"ZeroAICC",4.07462511050463e-40,"Strain"
"Serengeti_Baskerville","all",3,"ZeroAICC",6.62115246755977e-32,"Strain"
"Serengeti_Baskerville","all",4,"ZeroAICC",5.00456952143729e-20,"Strain"
"Serengeti_Baskerville","all",5,"ZeroAICC",9.49530290941408e-38,"Strain"
"Serengeti_Baskerville","all",6,"ZeroAICC",1.85714046653708e-15,"Strain"
"Serengeti_Baskerville","all",7,"ZeroAICC",1.90901448696528e-06,"Strain"
"Serengeti_Baskerville","all",8,"ZeroAICC",0.00155960463785798,"Strain"
"Serengeti_Baskerville","all",9,"ZeroAICC",1.08670241614117e-18,"Strain"
"Serengeti_Baskerville","all",10,"ZeroAICC",2.15415603859804e-05,"Strain"
"Serengeti_Baskerville","all",11,"ZeroAICC",3.49512938337393e-20,"Strain"
"Serengeti_Baskerville","all",12,"ZeroAICC",1.05429737688514e-12,"Strain"
"Serengeti_Baskerville","all",13,"ZeroAICC",6.1564854492899e-17,"Strain"
"Serengeti_Baskerville","all",14,"ZeroAICC",0.650203992774827,"Strain"
"Serengeti_Baskerville","all",15,"ZeroAICC",6.38450636549944e-09,"Strain"
"Serengeti_deVisser","out",2,"BmAICC",0.000350793368410914,"Strain"
"Serengeti_deVisser","out",3,"BmAICC",4.1471663118165e-05,"Strain"
"Serengeti_deVisser","out",4,"BmAICC",0.0036453642466336,"Strain"
"Serengeti_deVisser","out",5,"BmAICC",5.7610193552642e-07,"Strain"
"Serengeti_deVisser","out",6,"BmAICC",3.1140224883371e-24,"Strain"
"Serengeti_deVisser","out",7,"BmAICC",1.32255182865989e-26,"Strain"
"Serengeti_deVisser","out",8,"BmAICC",0.007951676589058,"Strain"
"Serengeti_deVisser","out",9,"BmAICC",0.390805190224831,"Strain"
"Serengeti_deVisser","out",10,"BmAICC",1.52384396619034e-19,"Strain"
"Serengeti_deVisser","out",11,"BmAICC",0.32650485088477,"Strain"
"Serengeti_deVisser","out",12,"BmAICC",0.306768885007706,"Strain"
"Serengeti_deVisser","out",13,"BmAICC",0.142976977043218,"Strain"
"Serengeti_deVisser","out",14,"BmAICC",0.044395774085258,"Strain"
"Serengeti_deVisser","out",15,"BmAICC",1.32362548484455e-08,"Strain"
"Serengeti_deVisser","in",2,"BmAICC",5.51748140877107e-12,"Strain"
"Serengeti_deVisser","in",3,"BmAICC",3.93542637027773e-09,"Strain"
"Serengeti_deVisser","in",4,"BmAICC",8.75780053566763e-06,"Strain"
"Serengeti_deVisser","in",5,"BmAICC",6.61780556635111e-08,"Strain"
"Serengeti_deVisser","in",6,"BmAICC",4.11723718705142e-23,"Strain"
"Serengeti_deVisser","in",7,"BmAICC",2.04621317936569e-25,"Strain"
"Serengeti_deVisser","in",8,"BmAICC",7.97763120266788e-07,"Strain"
"Serengeti_deVisser","in",9,"BmAICC",1.2202709919404e-05,"Strain"
"Serengeti_deVisser","in",10,"BmAICC",2.22348496064205e-17,"Strain"
"Serengeti_deVisser","in",11,"BmAICC",0.598794119151597,"Strain"
"Serengeti_deVisser","in",12,"BmAICC",0.0141340080374131,"Strain"
"Serengeti_deVisser","in",13,"BmAICC",0.583199654624262,"Strain"
"Serengeti_deVisser","in",14,"BmAICC",0.0161048764670768,"Strain"
"Serengeti_deVisser","in",15,"BmAICC",2.19902055500213e-09,"Strain"
"Serengeti_deVisser","all",1,"BmAICC",4.04787413107719e-16,"Strain"
"Serengeti_deVisser","all",2,"BmAICC",3.49181455498881e-10,"Strain"
"Serengeti_deVisser","all",3,"BmAICC",2.96247550678899e-08,"Strain"
"Serengeti_deVisser","all",4,"BmAICC",6.00293812089696e-05,"Strain"
"Serengeti_deVisser","all",5,"BmAICC",1.59557589760423e-07,"Strain"
"Serengeti_deVisser","all",6,"BmAICC",1.05782543292741e-23,"Strain"
"Serengeti_deVisser","all",7,"BmAICC",5.52911429206829e-26,"Strain"
"Serengeti_deVisser","all",8,"BmAICC",1.89811821680279e-05,"Strain"
"Serengeti_deVisser","all",9,"BmAICC",0.00455039027586369,"Strain"
"Serengeti_deVisser","all",10,"BmAICC",3.58133525351704e-18,"Strain"
"Serengeti_deVisser","all",11,"BmAICC",0.508379433371939,"Strain"
"Serengeti_deVisser","all",12,"BmAICC",0.0750755354273943,"Strain"
"Serengeti_deVisser","all",13,"BmAICC",0.539846070097627,"Strain"
"Serengeti_deVisser","all",14,"BmAICC",0.0186688795558604,"Strain"
"Serengeti_deVisser","all",15,"BmAICC",1.24261719367952e-09,"Strain"
"Serengeti_Baskerville","out",2,"BmAICC",0.581970838126345,"Strain"
"Serengeti_Baskerville","out",3,"BmAICC",0.369511420631303,"Strain"
"Serengeti_Baskerville","out",4,"BmAICC",0.31595157468612,"Strain"
"Serengeti_Baskerville","out",5,"BmAICC",0.000114439722168323,"Strain"
"Serengeti_Baskerville","out",6,"BmAICC",0.276769891995111,"Strain"
"Serengeti_Baskerville","out",7,"BmAICC",0.000372789286615887,"Strain"
"Serengeti_Baskerville","out",8,"BmAICC",7.77314190829078e-09,"Strain"
"Serengeti_Baskerville","out",9,"BmAICC",0.0370517352583448,"Strain"
"Serengeti_Baskerville","out",10,"BmAICC",5.04330748962761e-05,"Strain"
"Serengeti_Baskerville","out",11,"BmAICC",0.0500157275519981,"Strain"
"Serengeti_Baskerville","out",12,"BmAICC",0.000150491656710202,"Strain"
"Serengeti_Baskerville","out",13,"BmAICC",0.00121348758270926,"Strain"
"Serengeti_Baskerville","out",14,"BmAICC",1.75422668540377e-14,"Strain"
"Serengeti_Baskerville","out",15,"BmAICC",1.02676685097079e-07,"Strain"
"Serengeti_Baskerville","in",2,"BmAICC",0.000927042711237329,"Strain"
"Serengeti_Baskerville","in",3,"BmAICC",0.000190091886695729,"Strain"
"Serengeti_Baskerville","in",4,"BmAICC",0.0409574335393403,"Strain"
"Serengeti_Baskerville","in",5,"BmAICC",0.0211851303431054,"Strain"
"Serengeti_Baskerville","in",6,"BmAICC",0.118687394934383,"Strain"
"Serengeti_Baskerville","in",7,"BmAICC",0.000357259798258039,"Strain"
"Serengeti_Baskerville","in",8,"BmAICC",3.55217313454789e-18,"Strain"
"Serengeti_Baskerville","in",9,"BmAICC",0.00152540224650984,"Strain"
"Serengeti_Baskerville","in",10,"BmAICC",3.13078260000641e-19,"Strain"
"Serengeti_Baskerville","in",11,"BmAICC",0.0320192358720834,"Strain"
"Serengeti_Baskerville","in",12,"BmAICC",4.34164914426951e-09,"Strain"
"Serengeti_Baskerville","in",13,"BmAICC",5.17352261813246e-06,"Strain"
"Serengeti_Baskerville","in",14,"BmAICC",5.79465079824831e-29,"Strain"
"Serengeti_Baskerville","in",15,"BmAICC",5.69956823296012e-16,"Strain"
"Serengeti_Baskerville","all",1,"BmAICC",0.584329533548473,"Strain"
"Serengeti_Baskerville","all",2,"BmAICC",0.582568425862988,"Strain"
"Serengeti_Baskerville","all",3,"BmAICC",0.364139687251811,"Strain"
"Serengeti_Baskerville","all",4,"BmAICC",0.259127352490067,"Strain"
"Serengeti_Baskerville","all",5,"BmAICC",0.000209530159627075,"Strain"
"Serengeti_Baskerville","all",6,"BmAICC",0.309345671329724,"Strain"
"Serengeti_Baskerville","all",7,"BmAICC",0.000385988729849049,"Strain"
"Serengeti_Baskerville","all",8,"BmAICC",3.14415733258219e-11,"Strain"
"Serengeti_Baskerville","all",9,"BmAICC",0.0261810147234915,"Strain"
"Serengeti_Baskerville","all",10,"BmAICC",1.25251815743907e-08,"Strain"
"Serengeti_Baskerville","all",11,"BmAICC",0.0553993846710615,"Strain"
"Serengeti_Baskerville","all",12,"BmAICC",1.03313077556826e-05,"Strain"
"Serengeti_Baskerville","all",13,"BmAICC",0.00032931529875931,"Strain"
"Serengeti_Baskerville","all",14,"BmAICC",9.28536322098082e-19,"Strain"
"Serengeti_Baskerville","all",15,"BmAICC",3.53186356913314e-08,"Strain"
"Serengeti_deVisser","out",2,"OuAICC",0.596384853100357,"Strain"
"Serengeti_deVisser","out",3,"OuAICC",0.466986622114559,"Strain"
"Serengeti_deVisser","out",4,"OuAICC",0.712294059889724,"Strain"
"Serengeti_deVisser","out",5,"OuAICC",0.245862217535881,"Strain"
"Serengeti_deVisser","out",6,"OuAICC",0.269178374362465,"Strain"
"Serengeti_deVisser","out",7,"OuAICC",0.251637867213306,"Strain"
"Serengeti_deVisser","out",8,"OuAICC",0.429635354508418,"Strain"
"Serengeti_deVisser","out",9,"OuAICC",0.467383996282818,"Strain"
"Serengeti_deVisser","out",10,"OuAICC",0.242831238339865,"Strain"
"Serengeti_deVisser","out",11,"OuAICC",0.106558730033835,"Strain"
"Serengeti_deVisser","out",12,"OuAICC",0.579399905909348,"Strain"
"Serengeti_deVisser","out",13,"OuAICC",0.0466548109622585,"Strain"
"Serengeti_deVisser","out",14,"OuAICC",0.904485316757828,"Strain"
"Serengeti_deVisser","out",15,"OuAICC",0.246154194531903,"Strain"
"Serengeti_deVisser","in",2,"OuAICC",0.241978939577246,"Strain"
"Serengeti_deVisser","in",3,"OuAICC",0.240320217102394,"Strain"
"Serengeti_deVisser","in",4,"OuAICC",0.546359310582784,"Strain"
"Serengeti_deVisser","in",5,"OuAICC",0.24612512141239,"Strain"
"Serengeti_deVisser","in",6,"OuAICC",0.317572286016709,"Strain"
"Serengeti_deVisser","in",7,"OuAICC",0.251948967842632,"Strain"
"Serengeti_deVisser","in",8,"OuAICC",0.259316413630894,"Strain"
"Serengeti_deVisser","in",9,"OuAICC",0.355981204023557,"Strain"
"Serengeti_deVisser","in",10,"OuAICC",0.253738668979274,"Strain"
"Serengeti_deVisser","in",11,"OuAICC",0.195466949134357,"Strain"
"Serengeti_deVisser","in",12,"OuAICC",0.97549096034961,"Strain"
"Serengeti_deVisser","in",13,"OuAICC",0.226508349287907,"Strain"
"Serengeti_deVisser","in",14,"OuAICC",0.965778223534742,"Strain"
"Serengeti_deVisser","in",15,"OuAICC",0.24523537806098,"Strain"
"Serengeti_deVisser","all",1,"OuAICC",0.248800302711116,"Strain"
"Serengeti_deVisser","all",2,"OuAICC",0.242364104305867,"Strain"
"Serengeti_deVisser","all",3,"OuAICC",0.240948132728156,"Strain"
"Serengeti_deVisser","all",4,"OuAICC",0.592234544663437,"Strain"
"Serengeti_deVisser","all",5,"OuAICC",0.246032516594859,"Strain"
"Serengeti_deVisser","all",6,"OuAICC",0.29188954912199,"Strain"
"Serengeti_deVisser","all",7,"OuAICC",0.251212592974426,"Strain"
"Serengeti_deVisser","all",8,"OuAICC",0.250921831150629,"Strain"
"Serengeti_deVisser","all",9,"OuAICC",0.471974114939456,"Strain"
"Serengeti_deVisser","all",10,"OuAICC",0.244305953885138,"Strain"
"Serengeti_deVisser","all",11,"OuAICC",0.166962060639693,"Strain"
"Serengeti_deVisser","all",12,"OuAICC",0.871195385448751,"Strain"
"Serengeti_deVisser","all",13,"OuAICC",0.177804364487947,"Strain"
"Serengeti_deVisser","all",14,"OuAICC",0.951208915541979,"Strain"
"Serengeti_deVisser","all",15,"OuAICC",0.245463341867591,"Strain"
"Serengeti_Baskerville","out",2,"OuAICC",0.206107220578527,"Strain"
"Serengeti_Baskerville","out",3,"OuAICC",0.499749486102544,"Strain"
"Serengeti_Baskerville","out",4,"OuAICC",0.572267296474417,"Strain"
"Serengeti_Baskerville","out",5,"OuAICC",4.05248696637487e-05,"Strain"
"Serengeti_Baskerville","out",6,"OuAICC",0.625308334001552,"Strain"
"Serengeti_Baskerville","out",7,"OuAICC",0.999494961055061,"Strain"
"Serengeti_Baskerville","out",8,"OuAICC",0.999941659623681,"Strain"
"Serengeti_Baskerville","out",9,"OuAICC",0.949843220211661,"Strain"
"Serengeti_Baskerville","out",10,"OuAICC",0.999931737430963,"Strain"
"Serengeti_Baskerville","out",11,"OuAICC",0.932294081487339,"Strain"
"Serengeti_Baskerville","out",12,"OuAICC",0.999796303086793,"Strain"
"Serengeti_Baskerville","out",13,"OuAICC",0.998357447023365,"Strain"
"Serengeti_Baskerville","out",14,"OuAICC",0.870337395880011,"Strain"
"Serengeti_Baskerville","out",15,"OuAICC",0.999999860559794,"Strain"
"Serengeti_Baskerville","in",2,"OuAICC",0.998745152226813,"Strain"
"Serengeti_Baskerville","in",3,"OuAICC",0.999742697840961,"Strain"
"Serengeti_Baskerville","in",4,"OuAICC",0.944556300567497,"Strain"
"Serengeti_Baskerville","in",5,"OuAICC",0.00749958368624578,"Strain"
"Serengeti_Baskerville","in",6,"OuAICC",0.839327041113633,"Strain"
"Serengeti_Baskerville","in",7,"OuAICC",0.999480927942073,"Strain"
"Serengeti_Baskerville","in",8,"OuAICC",0.790418909848935,"Strain"
"Serengeti_Baskerville","in",9,"OuAICC",0.997935181235564,"Strain"
"Serengeti_Baskerville","in",10,"OuAICC",0.788039561473284,"Strain"
"Serengeti_Baskerville","in",11,"OuAICC",0.956656383471336,"Strain"
"Serengeti_Baskerville","in",12,"OuAICC",0.999980893438042,"Strain"
"Serengeti_Baskerville","in",13,"OuAICC",0.999992997439367,"Strain"
"Serengeti_Baskerville","in",14,"OuAICC",0.288101915298161,"Strain"
"Serengeti_Baskerville","in",15,"OuAICC",0.94350392913034,"Strain"
"Serengeti_Baskerville","all",1,"OuAICC",0.207021379162562,"Strain"
"Serengeti_Baskerville","all",2,"OuAICC",0.206340060205528,"Strain"
"Serengeti_Baskerville","all",3,"OuAICC",0.507022243664002,"Strain"
"Serengeti_Baskerville","all",4,"OuAICC",0.649199987415411,"Strain"
"Serengeti_Baskerville","all",5,"OuAICC",7.4187991137631e-05,"Strain"
"Serengeti_Baskerville","all",6,"OuAICC",0.581204158888355,"Strain"
"Serengeti_Baskerville","all",7,"OuAICC",0.999475604454774,"Strain"
"Serengeti_Baskerville","all",8,"OuAICC",0.998440395319587,"Strain"
"Serengeti_Baskerville","all",9,"OuAICC",0.964559111870475,"Strain"
"Serengeti_Baskerville","all",10,"OuAICC",0.99997844148755,"Strain"
"Serengeti_Baskerville","all",11,"OuAICC",0.925006091162665,"Strain"
"Serengeti_Baskerville","all",12,"OuAICC",0.99998601653451,"Strain"
"Serengeti_Baskerville","all",13,"OuAICC",0.999554253389058,"Strain"
"Serengeti_Baskerville","all",14,"OuAICC",0.349796007225173,"Strain"
"Serengeti_Baskerville","all",15,"OuAICC",0.999999945814015,"Strain"
"Serengeti_deVisser","out",2,"EbAICC",0.000114385537734615,"Strain"
"Serengeti_deVisser","out",3,"EbAICC",1.35223159300712e-05,"Strain"
"Serengeti_deVisser","out",4,"EbAICC",0.00118872198580493,"Strain"
"Serengeti_deVisser","out",5,"EbAICC",1.87825194601314e-07,"Strain"
"Serengeti_deVisser","out",6,"EbAICC",1.01480449275638e-24,"Strain"
"Serengeti_deVisser","out",7,"EbAICC",4.30987825452092e-27,"Strain"
"Serengeti_deVisser","out",8,"EbAICC",0.00259338540535686,"Strain"
"Serengeti_deVisser","out",9,"EbAICC",0.127484518841404,"Strain"
"Serengeti_deVisser","out",10,"EbAICC",4.96628178827202e-20,"Strain"
"Serengeti_deVisser","out",11,"EbAICC",0.566936407776778,"Strain"
"Serengeti_deVisser","out",12,"EbAICC",0.100059035075718,"Strain"
"Serengeti_deVisser","out",13,"EbAICC",0.810368211471174,"Strain"
"Serengeti_deVisser","out",14,"EbAICC",0.0144797274165719,"Strain"
"Serengeti_deVisser","out",15,"EbAICC",4.31518466494755e-09,"Strain"
"Serengeti_deVisser","in",2,"EbAICC",1.79845852068765e-12,"Strain"
"Serengeti_deVisser","in",3,"EbAICC",1.28293417169317e-09,"Strain"
"Serengeti_deVisser","in",4,"EbAICC",2.85547871620601e-06,"Strain"
"Serengeti_deVisser","in",5,"EbAICC",2.15749858514159e-08,"Strain"
"Serengeti_deVisser","in",6,"EbAICC",1.34174223574265e-23,"Strain"
"Serengeti_deVisser","in",7,"EbAICC",6.66817300237111e-26,"Strain"
"Serengeti_deVisser","in",8,"EbAICC",2.60115641762249e-07,"Strain"
"Serengeti_deVisser","in",9,"EbAICC",3.9788521515711e-06,"Strain"
"Serengeti_deVisser","in",10,"EbAICC",7.24665774930246e-18,"Strain"
"Serengeti_deVisser","in",11,"EbAICC",0.20573630635105,"Strain"
"Serengeti_deVisser","in",12,"EbAICC",0.00460946062500768,"Strain"
"Serengeti_deVisser","in",13,"EbAICC",0.190280053155542,"Strain"
"Serengeti_deVisser","in",14,"EbAICC",0.00525247796034319,"Strain"
"Serengeti_deVisser","in",15,"EbAICC",7.16877939826111e-10,"Strain"
"Serengeti_deVisser","all",1,"EbAICC",1.31931737828368e-16,"Strain"
"Serengeti_deVisser","all",2,"EbAICC",1.13826241453837e-10,"Strain"
"Serengeti_deVisser","all",3,"EbAICC",9.65800644486825e-09,"Strain"
"Serengeti_deVisser","all",4,"EbAICC",1.9573349172581e-05,"Strain"
"Serengeti_deVisser","all",5,"EbAICC",5.20188567843621e-08,"Strain"
"Serengeti_deVisser","all",6,"EbAICC",3.44727293090969e-24,"Strain"
"Serengeti_deVisser","all",7,"EbAICC",1.80181320026051e-26,"Strain"
"Serengeti_deVisser","all",8,"EbAICC",6.18948285548659e-06,"Strain"
"Serengeti_deVisser","all",9,"EbAICC",0.00148397643278181,"Strain"
"Serengeti_deVisser","all",10,"EbAICC",1.16719702845936e-18,"Strain"
"Serengeti_deVisser","all",11,"EbAICC",0.32465835650235,"Strain"
"Serengeti_deVisser","all",12,"EbAICC",0.0244851283532981,"Strain"
"Serengeti_deVisser","all",13,"EbAICC",0.282349504181165,"Strain"
"Serengeti_deVisser","all",14,"EbAICC",0.00608871913948755,"Strain"
"Serengeti_deVisser","all",15,"EbAICC",4.05091520178615e-10,"Strain"
"Serengeti_Baskerville","out",2,"EbAICC",0.211921941295128,"Strain"
"Serengeti_Baskerville","out",3,"EbAICC",0.130739093266154,"Strain"
"Serengeti_Baskerville","out",4,"EbAICC",0.111781128839463,"Strain"
"Serengeti_Baskerville","out",5,"EbAICC",0.999845035408168,"Strain"
"Serengeti_Baskerville","out",6,"EbAICC",0.0979217740033361,"Strain"
"Serengeti_Baskerville","out",7,"EbAICC",0.000131828940801719,"Strain"
"Serengeti_Baskerville","out",8,"EbAICC",2.74785278728364e-09,"Strain"
"Serengeti_Baskerville","out",9,"EbAICC",0.0131050445299941,"Strain"
"Serengeti_Baskerville","out",10,"EbAICC",1.78294746310724e-05,"Strain"
"Serengeti_Baskerville","out",11,"EbAICC",0.0176901909606632,"Strain"
"Serengeti_Baskerville","out",12,"EbAICC",5.32052564967742e-05,"Strain"
"Serengeti_Baskerville","out",13,"EbAICC",0.000429065393925513,"Strain"
"Serengeti_Baskerville","out",14,"EbAICC",6.19831062722526e-15,"Strain"
"Serengeti_Baskerville","out",15,"EbAICC",3.62902508646508e-08,"Strain"
"Serengeti_Baskerville","in",2,"EbAICC",0.000327805061949994,"Strain"
"Serengeti_Baskerville","in",3,"EbAICC",6.72102723428087e-05,"Strain"
"Serengeti_Baskerville","in",4,"EbAICC",0.0144862658873298,"Strain"
"Serengeti_Baskerville","in",5,"EbAICC",0.971315285970649,"Strain"
"Serengeti_Baskerville","in",6,"EbAICC",0.0419855638244177,"Strain"
"Serengeti_Baskerville","in",7,"EbAICC",0.000126338933587515,"Strain"
"Serengeti_Baskerville","in",8,"EbAICC",1.25537472236068e-18,"Strain"
"Serengeti_Baskerville","in",9,"EbAICC",0.000539416517887996,"Strain"
"Serengeti_Baskerville","in",10,"EbAICC",1.10623559951368e-19,"Strain"
"Serengeti_Baskerville","in",11,"EbAICC",0.0113243806565805,"Strain"
"Serengeti_Baskerville","in",12,"EbAICC",1.5344854134897e-09,"Strain"
"Serengeti_Baskerville","in",13,"EbAICC",1.82883811489743e-06,"Strain"
"Serengeti_Baskerville","in",14,"EbAICC",2.04713644259184e-29,"Strain"
"Serengeti_Baskerville","in",15,"EbAICC",2.01394023964262e-16,"Strain"
"Serengeti_Baskerville","all",1,"EbAICC",0.208649087288965,"Strain"
"Serengeti_Baskerville","all",2,"EbAICC",0.211091513931484,"Strain"
"Serengeti_Baskerville","all",3,"EbAICC",0.128838069084187,"Strain"
"Serengeti_Baskerville","all",4,"EbAICC",0.0916726600945216,"Strain"
"Serengeti_Baskerville","all",5,"EbAICC",0.999716281849235,"Strain"
"Serengeti_Baskerville","all",6,"EbAICC",0.109450169781918,"Strain"
"Serengeti_Baskerville","all",7,"EbAICC",0.000136497800889537,"Strain"
"Serengeti_Baskerville","all",8,"EbAICC",1.11138573251417e-11,"Strain"
"Serengeti_Baskerville","all",9,"EbAICC",0.00925987340603366,"Strain"
"Serengeti_Baskerville","all",10,"EbAICC",4.42688242681081e-09,"Strain"
"Serengeti_Baskerville","all",11,"EbAICC",0.0195945241662731,"Strain"
"Serengeti_Baskerville","all",12,"EbAICC",3.6521566800196e-06,"Strain"
"Serengeti_Baskerville","all",13,"EbAICC",0.000116431312182636,"Strain"
"Serengeti_Baskerville","all",14,"EbAICC",3.28064620576545e-19,"Strain"
"Serengeti_Baskerville","all",15,"EbAICC",1.24828433768634e-08,"Strain"
"Serengeti_deVisser","out",2,"ZeroAICC",0.0109948556215532,"Meandist"
"Serengeti_deVisser","out",3,"ZeroAICC",0.00647656421114031,"Meandist"
"Serengeti_deVisser","out",4,"ZeroAICC",0.000102746789614405,"Meandist"
"Serengeti_deVisser","out",5,"ZeroAICC",6.82075999615045e-06,"Meandist"
"Serengeti_deVisser","out",6,"ZeroAICC",0.000612835208774111,"Meandist"
"Serengeti_deVisser","out",7,"ZeroAICC",0.00107609201101844,"Meandist"
"Serengeti_deVisser","out",8,"ZeroAICC",0.000211181025064504,"Meandist"
"Serengeti_deVisser","out",9,"ZeroAICC",3.30574362286234e-05,"Meandist"
"Serengeti_deVisser","out",10,"ZeroAICC",0.000157301562918389,"Meandist"
"Serengeti_deVisser","out",11,"ZeroAICC",4.42409083268649e-05,"Meandist"
"Serengeti_deVisser","out",12,"ZeroAICC",3.25625335202838e-05,"Meandist"
"Serengeti_deVisser","out",13,"ZeroAICC",2.81008022829548e-05,"Meandist"
"Serengeti_deVisser","out",14,"ZeroAICC",3.73128831618346e-05,"Meandist"
"Serengeti_deVisser","out",15,"ZeroAICC",9.62632071162136e-05,"Meandist"
"Serengeti_deVisser","in",2,"ZeroAICC",0.728399601473345,"Meandist"
"Serengeti_deVisser","in",3,"ZeroAICC",0.753795680018578,"Meandist"
"Serengeti_deVisser","in",4,"ZeroAICC",0.72869520996986,"Meandist"
"Serengeti_deVisser","in",5,"ZeroAICC",0.736953531065457,"Meandist"
"Serengeti_deVisser","in",6,"ZeroAICC",0.598152925591681,"Meandist"
"Serengeti_deVisser","in",7,"ZeroAICC",0.424874382614315,"Meandist"
"Serengeti_deVisser","in",8,"ZeroAICC",0.493969513947013,"Meandist"
"Serengeti_deVisser","in",9,"ZeroAICC",0.544340767250421,"Meandist"
"Serengeti_deVisser","in",10,"ZeroAICC",0.124338938065087,"Meandist"
"Serengeti_deVisser","in",11,"ZeroAICC",0.132229351298691,"Meandist"
"Serengeti_deVisser","in",12,"ZeroAICC",0.0148185201412621,"Meandist"
"Serengeti_deVisser","in",13,"ZeroAICC",0.0112989524592348,"Meandist"
"Serengeti_deVisser","in",14,"ZeroAICC",0.00889876698307909,"Meandist"
"Serengeti_deVisser","in",15,"ZeroAICC",0.0134559762496872,"Meandist"
"Serengeti_deVisser","all",1,"ZeroAICC",0.752380347823205,"Meandist"
"Serengeti_deVisser","all",2,"ZeroAICC",0.753374901081523,"Meandist"
"Serengeti_deVisser","all",3,"ZeroAICC",0.753383622395714,"Meandist"
"Serengeti_deVisser","all",4,"ZeroAICC",0.755411483589009,"Meandist"
"Serengeti_deVisser","all",5,"ZeroAICC",0.754864916390496,"Meandist"
"Serengeti_deVisser","all",6,"ZeroAICC",0.752723175641102,"Meandist"
"Serengeti_deVisser","all",7,"ZeroAICC",0.719987311998417,"Meandist"
"Serengeti_deVisser","all",8,"ZeroAICC",0.73859744565645,"Meandist"
"Serengeti_deVisser","all",9,"ZeroAICC",0.749327518029888,"Meandist"
"Serengeti_deVisser","all",10,"ZeroAICC",0.571487248586494,"Meandist"
"Serengeti_deVisser","all",11,"ZeroAICC",0.539139122907141,"Meandist"
"Serengeti_deVisser","all",12,"ZeroAICC",0.226838439704373,"Meandist"
"Serengeti_deVisser","all",13,"ZeroAICC",0.181179293634564,"Meandist"
"Serengeti_deVisser","all",14,"ZeroAICC",0.136712258529338,"Meandist"
"Serengeti_deVisser","all",15,"ZeroAICC",0.236381760398783,"Meandist"
"Serengeti_Baskerville","out",2,"ZeroAICC",3.58079431362325e-45,"Meandist"
"Serengeti_Baskerville","out",3,"ZeroAICC",2.8708146638787e-19,"Meandist"
"Serengeti_Baskerville","out",4,"ZeroAICC",2.18456774436074e-22,"Meandist"
"Serengeti_Baskerville","out",5,"ZeroAICC",1.48218702318708e-26,"Meandist"
"Serengeti_Baskerville","out",6,"ZeroAICC",4.6283960992733e-28,"Meandist"
"Serengeti_Baskerville","out",7,"ZeroAICC",9.03617675579e-30,"Meandist"
"Serengeti_Baskerville","out",8,"ZeroAICC",1.35192403626133e-31,"Meandist"
"Serengeti_Baskerville","out",9,"ZeroAICC",9.88149230451477e-33,"Meandist"
"Serengeti_Baskerville","out",10,"ZeroAICC",1.06597354829734e-34,"Meandist"
"Serengeti_Baskerville","out",11,"ZeroAICC",4.72808995784551e-35,"Meandist"
"Serengeti_Baskerville","out",12,"ZeroAICC",3.33906354600783e-36,"Meandist"
"Serengeti_Baskerville","out",13,"ZeroAICC",7.37210900649024e-38,"Meandist"
"Serengeti_Baskerville","out",14,"ZeroAICC",1.28060656348907e-39,"Meandist"
"Serengeti_Baskerville","out",15,"ZeroAICC",8.87759887711903e-39,"Meandist"
"Serengeti_Baskerville","in",2,"ZeroAICC",0.0331309891037366,"Meandist"
"Serengeti_Baskerville","in",3,"ZeroAICC",6.77786771861462e-07,"Meandist"
"Serengeti_Baskerville","in",4,"ZeroAICC",0.000412277453432834,"Meandist"
"Serengeti_Baskerville","in",5,"ZeroAICC",0.000587832304660423,"Meandist"
"Serengeti_Baskerville","in",6,"ZeroAICC",0.00654727729733734,"Meandist"
"Serengeti_Baskerville","in",7,"ZeroAICC",0.0081548271927084,"Meandist"
"Serengeti_Baskerville","in",8,"ZeroAICC",0.012339212867062,"Meandist"
"Serengeti_Baskerville","in",9,"ZeroAICC",0.00645106904214713,"Meandist"
"Serengeti_Baskerville","in",10,"ZeroAICC",0.00643495823077442,"Meandist"
"Serengeti_Baskerville","in",11,"ZeroAICC",0.00152717899986479,"Meandist"
"Serengeti_Baskerville","in",12,"ZeroAICC",0.00072413998780285,"Meandist"
"Serengeti_Baskerville","in",13,"ZeroAICC",0.000242848474790655,"Meandist"
"Serengeti_Baskerville","in",14,"ZeroAICC",9.70660752021721e-05,"Meandist"
"Serengeti_Baskerville","in",15,"ZeroAICC",0.00238225759459913,"Meandist"
"Serengeti_Baskerville","all",1,"ZeroAICC",1.37138625732159e-21,"Meandist"
"Serengeti_Baskerville","all",2,"ZeroAICC",2.06726426766654e-19,"Meandist"
"Serengeti_Baskerville","all",3,"ZeroAICC",2.31760248622622e-15,"Meandist"
"Serengeti_Baskerville","all",4,"ZeroAICC",9.85746389823635e-15,"Meandist"
"Serengeti_Baskerville","all",5,"ZeroAICC",1.31264422908632e-15,"Meandist"
"Serengeti_Baskerville","all",6,"ZeroAICC",1.27126175197338e-14,"Meandist"
"Serengeti_Baskerville","all",7,"ZeroAICC",1.37154330374184e-14,"Meandist"
"Serengeti_Baskerville","all",8,"ZeroAICC",9.14638861899098e-16,"Meandist"
"Serengeti_Baskerville","all",9,"ZeroAICC",7.12447612653899e-17,"Meandist"
"Serengeti_Baskerville","all",10,"ZeroAICC",9.21225054425813e-18,"Meandist"
"Serengeti_Baskerville","all",11,"ZeroAICC",3.20990335017014e-18,"Meandist"
"Serengeti_Baskerville","all",12,"ZeroAICC",2.62440275570278e-18,"Meandist"
"Serengeti_Baskerville","all",13,"ZeroAICC",5.42218260779685e-19,"Meandist"
"Serengeti_Baskerville","all",14,"ZeroAICC",7.18624203288471e-20,"Meandist"
"Serengeti_Baskerville","all",15,"ZeroAICC",1.05917851205301e-21,"Meandist"
"Serengeti_deVisser","out",2,"BmAICC",0.186944293511729,"Meandist"
"Serengeti_deVisser","out",3,"BmAICC",0.21377746591984,"Meandist"
"Serengeti_deVisser","out",4,"BmAICC",0.444653516317193,"Meandist"
"Serengeti_deVisser","out",5,"BmAICC",0.520596460822275,"Meandist"
"Serengeti_deVisser","out",6,"BmAICC",0.333952723340002,"Meandist"
"Serengeti_deVisser","out",7,"BmAICC",0.286578493759631,"Meandist"
"Serengeti_deVisser","out",8,"BmAICC",0.374837509280886,"Meandist"
"Serengeti_deVisser","out",9,"BmAICC",0.462364096065081,"Meandist"
"Serengeti_deVisser","out",10,"BmAICC",0.389175386179603,"Meandist"
"Serengeti_deVisser","out",11,"BmAICC",0.451121834927733,"Meandist"
"Serengeti_deVisser","out",12,"BmAICC",0.46572980253844,"Meandist"
"Serengeti_deVisser","out",13,"BmAICC",0.469174228824051,"Meandist"
"Serengeti_deVisser","out",14,"BmAICC",0.457334073151238,"Meandist"
"Serengeti_deVisser","out",15,"BmAICC",0.414815386108178,"Meandist"
"Serengeti_deVisser","in",2,"BmAICC",2.43162145000339e-11,"Meandist"
"Serengeti_deVisser","in",3,"BmAICC",3.29205905172005e-14,"Meandist"
"Serengeti_deVisser","in",4,"BmAICC",2.68892009633555e-08,"Meandist"
"Serengeti_deVisser","in",5,"BmAICC",4.6651838097677e-11,"Meandist"
"Serengeti_deVisser","in",6,"BmAICC",1.94036013690394e-11,"Meandist"
"Serengeti_deVisser","in",7,"BmAICC",1.69896687709752e-09,"Meandist"
"Serengeti_deVisser","in",8,"BmAICC",5.09733051496629e-10,"Meandist"
"Serengeti_deVisser","in",9,"BmAICC",3.88901336518289e-10,"Meandist"
"Serengeti_deVisser","in",10,"BmAICC",3.69300719594467e-07,"Meandist"
"Serengeti_deVisser","in",11,"BmAICC",1.13098181671275e-06,"Meandist"
"Serengeti_deVisser","in",12,"BmAICC",5.02571836958444e-05,"Meandist"
"Serengeti_deVisser","in",13,"BmAICC",8.51463781462265e-05,"Meandist"
"Serengeti_deVisser","in",14,"BmAICC",0.000173187065819106,"Meandist"
"Serengeti_deVisser","in",15,"BmAICC",0.000201876667729214,"Meandist"
"Serengeti_deVisser","all",1,"BmAICC",1.85269366500782e-18,"Meandist"
"Serengeti_deVisser","all",2,"BmAICC",1.42627095511185e-09,"Meandist"
"Serengeti_deVisser","all",3,"BmAICC",2.39624021340124e-11,"Meandist"
"Serengeti_deVisser","all",4,"BmAICC",1.3586826939351e-05,"Meandist"
"Serengeti_deVisser","all",5,"BmAICC",2.40285065857752e-08,"Meandist"
"Serengeti_deVisser","all",6,"BmAICC",1.975322451934e-10,"Meandist"
"Serengeti_deVisser","all",7,"BmAICC",3.16121118162781e-09,"Meandist"
"Serengeti_deVisser","all",8,"BmAICC",5.10241890692519e-09,"Meandist"
"Serengeti_deVisser","all",9,"BmAICC",2.159204547603e-08,"Meandist"
"Serengeti_deVisser","all",10,"BmAICC",4.43847212279298e-06,"Meandist"
"Serengeti_deVisser","all",11,"BmAICC",2.73396512539435e-05,"Meandist"
"Serengeti_deVisser","all",12,"BmAICC",0.000625617514861368,"Meandist"
"Serengeti_deVisser","all",13,"BmAICC",0.00115927206506784,"Meandist"
"Serengeti_deVisser","all",14,"BmAICC",0.00205768381949156,"Meandist"
"Serengeti_deVisser","all",15,"BmAICC",0.000707465255528681,"Meandist"
"Serengeti_Baskerville","out",2,"BmAICC",0.425615684379214,"Meandist"
"Serengeti_Baskerville","out",3,"BmAICC",1.31365466672348e-08,"Meandist"
"Serengeti_Baskerville","out",4,"BmAICC",5.36117929919281e-07,"Meandist"
"Serengeti_Baskerville","out",5,"BmAICC",1.75923596012441e-05,"Meandist"
"Serengeti_Baskerville","out",6,"BmAICC",1.20467099000935e-05,"Meandist"
"Serengeti_Baskerville","out",7,"BmAICC",1.31894118476002e-05,"Meandist"
"Serengeti_Baskerville","out",8,"BmAICC",2.35735942212974e-05,"Meandist"
"Serengeti_Baskerville","out",9,"BmAICC",5.80368023369854e-05,"Meandist"
"Serengeti_Baskerville","out",10,"BmAICC",0.000143650580662245,"Meandist"
"Serengeti_Baskerville","out",11,"BmAICC",0.00010710794728528,"Meandist"
"Serengeti_Baskerville","out",12,"BmAICC",0.000132722625311457,"Meandist"
"Serengeti_Baskerville","out",13,"BmAICC",0.000163714790215456,"Meandist"
"Serengeti_Baskerville","out",14,"BmAICC",0.000217592596084908,"Meandist"
"Serengeti_Baskerville","out",15,"BmAICC",6.40737296874059e-05,"Meandist"
"Serengeti_Baskerville","in",2,"BmAICC",3.53823395155678e-24,"Meandist"
"Serengeti_Baskerville","in",3,"BmAICC",3.95133343478606e-18,"Meandist"
"Serengeti_Baskerville","in",4,"BmAICC",5.73074609199111e-21,"Meandist"
"Serengeti_Baskerville","in",5,"BmAICC",3.07181564965696e-20,"Meandist"
"Serengeti_Baskerville","in",6,"BmAICC",1.99035455148489e-22,"Meandist"
"Serengeti_Baskerville","in",7,"BmAICC",1.97471304252903e-22,"Meandist"
"Serengeti_Baskerville","in",8,"BmAICC",1.08961350149576e-22,"Meandist"
"Serengeti_Baskerville","in",9,"BmAICC",1.78317834693085e-22,"Meandist"
"Serengeti_Baskerville","in",10,"BmAICC",2.01252907223717e-22,"Meandist"
"Serengeti_Baskerville","in",11,"BmAICC",1.71732086345604e-21,"Meandist"
"Serengeti_Baskerville","in",12,"BmAICC",3.97364781437293e-21,"Meandist"
"Serengeti_Baskerville","in",13,"BmAICC",1.29685024967641e-20,"Meandist"
"Serengeti_Baskerville","in",14,"BmAICC",4.66142020714144e-20,"Meandist"
"Serengeti_Baskerville","in",15,"BmAICC",4.75912081919031e-22,"Meandist"
"Serengeti_Baskerville","all",1,"BmAICC",0.000446918350966068,"Meandist"
"Serengeti_Baskerville","all",2,"BmAICC",0.0002261659912856,"Meandist"
"Serengeti_Baskerville","all",3,"BmAICC",1.59075817115139e-09,"Meandist"
"Serengeti_Baskerville","all",4,"BmAICC",1.85387980919623e-08,"Meandist"
"Serengeti_Baskerville","all",5,"BmAICC",5.72851961746341e-07,"Meandist"
"Serengeti_Baskerville","all",6,"BmAICC",1.09847729465857e-07,"Meandist"
"Serengeti_Baskerville","all",7,"BmAICC",7.70753799895584e-08,"Meandist"
"Serengeti_Baskerville","all",8,"BmAICC",1.56329690389575e-07,"Meandist"
"Serengeti_Baskerville","all",9,"BmAICC",6.06825121195355e-07,"Meandist"
"Serengeti_Baskerville","all",10,"BmAICC",1.55338250372894e-06,"Meandist"
"Serengeti_Baskerville","all",11,"BmAICC",1.24704564512662e-06,"Meandist"
"Serengeti_Baskerville","all",12,"BmAICC",1.07868840848271e-06,"Meandist"
"Serengeti_Baskerville","all",13,"BmAICC",1.22555737874585e-06,"Meandist"
"Serengeti_Baskerville","all",14,"BmAICC",1.48520278116047e-06,"Meandist"
"Serengeti_Baskerville","all",15,"BmAICC",2.3116550687131e-06,"Meandist"
"Serengeti_deVisser","out",2,"OuAICC",0.741087053281563,"Meandist"
"Serengeti_deVisser","out",3,"OuAICC",0.710020223288587,"Meandist"
"Serengeti_deVisser","out",4,"OuAICC",0.410200449571493,"Meandist"
"Serengeti_deVisser","out",5,"OuAICC",0.30956773967487,"Meandist"
"Serengeti_deVisser","out",6,"OuAICC",0.556508241970378,"Meandist"
"Serengeti_deVisser","out",7,"OuAICC",0.618873724183769,"Meandist"
"Serengeti_deVisser","out",8,"OuAICC",0.502687823707396,"Meandist"
"Serengeti_deVisser","out",9,"OuAICC",0.386779697156459,"Meandist"
"Serengeti_deVisser","out",10,"OuAICC",0.483725127757968,"Meandist"
"Serengeti_deVisser","out",11,"OuAICC",0.401678789118062,"Meandist"
"Serengeti_deVisser","out",12,"OuAICC",0.382314980969983,"Meandist"
"Serengeti_deVisser","out",13,"OuAICC",0.377750796324615,"Meandist"
"Serengeti_deVisser","out",14,"OuAICC",0.393445501987186,"Meandist"
"Serengeti_deVisser","out",15,"OuAICC",0.449779209814613,"Meandist"
"Serengeti_deVisser","in",2,"OuAICC",0.271600398494413,"Meandist"
"Serengeti_deVisser","in",3,"OuAICC",0.246204319981378,"Meandist"
"Serengeti_deVisser","in",4,"OuAICC",0.271304754375222,"Meandist"
"Serengeti_deVisser","in",5,"OuAICC",0.263046468872685,"Meandist"
"Serengeti_deVisser","in",6,"OuAICC",0.401847074382591,"Meandist"
"Serengeti_deVisser","in",7,"OuAICC",0.57512561513291,"Meandist"
"Serengeti_deVisser","in",8,"OuAICC",0.506030485377097,"Meandist"
"Serengeti_deVisser","in",9,"OuAICC",0.455659232233908,"Meandist"
"Serengeti_deVisser","in",10,"OuAICC",0.875660572240342,"Meandist"
"Serengeti_deVisser","in",11,"OuAICC",0.867769149004757,"Meandist"
"Serengeti_deVisser","in",12,"OuAICC",0.985114836436237,"Meandist"
"Serengeti_deVisser","in",13,"OuAICC",0.988588138915427,"Meandist"
"Serengeti_deVisser","in",14,"OuAICC",0.990871576696541,"Meandist"
"Serengeti_deVisser","in",15,"OuAICC",0.98627632330303,"Meandist"
"Serengeti_deVisser","all",1,"OuAICC",0.247619652176795,"Meandist"
"Serengeti_deVisser","all",2,"OuAICC",0.24662509702727,"Meandist"
"Serengeti_deVisser","all",3,"OuAICC",0.246616377572512,"Meandist"
"Serengeti_deVisser","all",4,"OuAICC",0.244570499776856,"Meandist"
"Serengeti_deVisser","all",5,"OuAICC",0.245135051747901,"Meandist"
"Serengeti_deVisser","all",6,"OuAICC",0.247276824096977,"Meandist"
"Serengeti_deVisser","all",7,"OuAICC",0.280012683809871,"Meandist"
"Serengeti_deVisser","all",8,"OuAICC",0.261402547577809,"Meandist"
"Serengeti_deVisser","all",9,"OuAICC",0.250672453339191,"Meandist"
"Serengeti_deVisser","all",10,"OuAICC",0.428506865879003,"Meandist"
"Serengeti_deVisser","all",11,"OuAICC",0.460824623689942,"Meandist"
"Serengeti_deVisser","all",12,"OuAICC",0.772331949684867,"Meandist"
"Serengeti_deVisser","all",13,"OuAICC",0.817283429316147,"Meandist"
"Serengeti_deVisser","all",14,"OuAICC",0.860559097549395,"Meandist"
"Serengeti_deVisser","all",15,"OuAICC",0.762680098782926,"Meandist"
"Serengeti_Baskerville","out",2,"OuAICC",0.423792072885681,"Meandist"
"Serengeti_Baskerville","out",3,"OuAICC",0.999999982221545,"Meandist"
"Serengeti_Baskerville","out",4,"OuAICC",0.999999274425046,"Meandist"
"Serengeti_Baskerville","out",5,"OuAICC",0.999976190144005,"Meandist"
"Serengeti_Baskerville","out",6,"OuAICC",0.99998369580679,"Meandist"
"Serengeti_Baskerville","out",7,"OuAICC",0.999982149285722,"Meandist"
"Serengeti_Baskerville","out",8,"OuAICC",0.999968095029254,"Meandist"
"Serengeti_Baskerville","out",9,"OuAICC",0.999921450921538,"Meandist"
"Serengeti_Baskerville","out",10,"OuAICC",0.999805576409852,"Meandist"
"Serengeti_Baskerville","out",11,"OuAICC",0.999855035489124,"Meandist"
"Serengeti_Baskerville","out",12,"OuAICC",0.999820367722266,"Meandist"
"Serengeti_Baskerville","out",13,"OuAICC",0.999778422801075,"Meandist"
"Serengeti_Baskerville","out",14,"OuAICC",0.999705504049788,"Meandist"
"Serengeti_Baskerville","out",15,"OuAICC",0.999913282640182,"Meandist"
"Serengeti_Baskerville","in",2,"OuAICC",0.966869010896263,"Meandist"
"Serengeti_Baskerville","in",3,"OuAICC",0.999999322213228,"Meandist"
"Serengeti_Baskerville","in",4,"OuAICC",0.999587722546567,"Meandist"
"Serengeti_Baskerville","in",5,"OuAICC",0.99941216769534,"Meandist"
"Serengeti_Baskerville","in",6,"OuAICC",0.993452722702663,"Meandist"
"Serengeti_Baskerville","in",7,"OuAICC",0.991845172807292,"Meandist"
"Serengeti_Baskerville","in",8,"OuAICC",0.987660787132938,"Meandist"
"Serengeti_Baskerville","in",9,"OuAICC",0.993548930957853,"Meandist"
"Serengeti_Baskerville","in",10,"OuAICC",0.993565041769226,"Meandist"
"Serengeti_Baskerville","in",11,"OuAICC",0.998472821000135,"Meandist"
"Serengeti_Baskerville","in",12,"OuAICC",0.999275860012197,"Meandist"
"Serengeti_Baskerville","in",13,"OuAICC",0.999757151525209,"Meandist"
"Serengeti_Baskerville","in",14,"OuAICC",0.999902933924798,"Meandist"
"Serengeti_Baskerville","in",15,"OuAICC",0.997617742405401,"Meandist"
"Serengeti_Baskerville","all",1,"OuAICC",0.999395083566539,"Meandist"
"Serengeti_Baskerville","all",2,"OuAICC",0.999693874832586,"Meandist"
"Serengeti_Baskerville","all",3,"OuAICC",0.999999997847134,"Meandist"
"Serengeti_Baskerville","all",4,"OuAICC",0.99999997491004,"Meandist"
"Serengeti_Baskerville","all",5,"OuAICC",0.999999224697659,"Meandist"
"Serengeti_Baskerville","all",6,"OuAICC",0.999999851332518,"Meandist"
"Serengeti_Baskerville","all",7,"OuAICC",0.999999895686526,"Meandist"
"Serengeti_Baskerville","all",8,"OuAICC",0.99999978842302,"Meandist"
"Serengeti_Baskerville","all",9,"OuAICC",0.999999178710874,"Meandist"
"Serengeti_Baskerville","all",10,"OuAICC",0.999997897606489,"Meandist"
"Serengeti_Baskerville","all",11,"OuAICC",0.999998312213769,"Meandist"
"Serengeti_Baskerville","all",12,"OuAICC",0.999998540078372,"Meandist"
"Serengeti_Baskerville","all",13,"OuAICC",0.999998341309998,"Meandist"
"Serengeti_Baskerville","all",14,"OuAICC",0.999997989912068,"Meandist"
"Serengeti_Baskerville","all",15,"OuAICC",0.999996871396806,"Meandist"
"Serengeti_deVisser","out",2,"EbAICC",0.0609737975851546,"Meandist"
"Serengeti_deVisser","out",3,"EbAICC",0.0697257465804325,"Meandist"
"Serengeti_deVisser","out",4,"EbAICC",0.1450432873217,"Meandist"
"Serengeti_deVisser","out",5,"EbAICC",0.169828978742859,"Meandist"
"Serengeti_deVisser","out",6,"EbAICC",0.108926199480846,"Meandist"
"Serengeti_deVisser","out",7,"EbAICC",0.0934716900455821,"Meandist"
"Serengeti_deVisser","out",8,"EbAICC",0.122263485986653,"Meandist"
"Serengeti_deVisser","out",9,"EbAICC",0.150823149342231,"Meandist"
"Serengeti_deVisser","out",10,"EbAICC",0.12694218449951,"Meandist"
"Serengeti_deVisser","out",11,"EbAICC",0.147155135045878,"Meandist"
"Serengeti_deVisser","out",12,"EbAICC",0.151922653958056,"Meandist"
"Serengeti_deVisser","out",13,"EbAICC",0.153046874049052,"Meandist"
"Serengeti_deVisser","out",14,"EbAICC",0.149183111978414,"Meandist"
"Serengeti_deVisser","out",15,"EbAICC",0.135309140870093,"Meandist"
"Serengeti_deVisser","in",2,"EbAICC",7.92583249519315e-12,"Meandist"
"Serengeti_deVisser","in",3,"EbAICC",1.07300735771404e-14,"Meandist"
"Serengeti_deVisser","in",4,"EbAICC",8.76571746191493e-09,"Meandist"
"Serengeti_deVisser","in",5,"EbAICC",1.52066591053849e-11,"Meandist"
"Serengeti_deVisser","in",6,"EbAICC",6.32461586733723e-12,"Meandist"
"Serengeti_deVisser","in",7,"EbAICC",5.53808585543228e-10,"Meandist"
"Serengeti_deVisser","in",8,"EbAICC",1.66156343252823e-10,"Meandist"
"Serengeti_deVisser","in",9,"EbAICC",1.26769618060025e-10,"Meandist"
"Serengeti_deVisser","in",10,"EbAICC",1.20393851528105e-07,"Meandist"
"Serengeti_deVisser","in",11,"EbAICC",3.68714735072235e-07,"Meandist"
"Serengeti_deVisser","in",12,"EbAICC",1.63862388055366e-05,"Meandist"
"Serengeti_deVisser","in",13,"EbAICC",2.77622471923649e-05,"Meandist"
"Serengeti_deVisser","in",14,"EbAICC",5.64692545612352e-05,"Meandist"
"Serengeti_deVisser","in",15,"EbAICC",6.58237795538258e-05,"Meandist"
"Serengeti_deVisser","all",1,"EbAICC",6.03818718194927e-19,"Meandist"
"Serengeti_deVisser","all",2,"EbAICC",4.6493593131528e-10,"Meandist"
"Serengeti_deVisser","all",3,"EbAICC",7.81104059930327e-12,"Meandist"
"Serengeti_deVisser","all",4,"EbAICC",4.42980719583219e-06,"Meandist"
"Serengeti_deVisser","all",5,"EbAICC",7.83309551900627e-09,"Meandist"
"Serengeti_deVisser","all",6,"EbAICC",6.43893061465844e-11,"Meandist"
"Serengeti_deVisser","all",7,"EbAICC",1.03050111518827e-09,"Meandist"
"Serengeti_deVisser","all",8,"EbAICC",1.66332123081318e-09,"Meandist"
"Serengeti_deVisser","all",9,"EbAICC",7.03887593770095e-09,"Meandist"
"Serengeti_deVisser","all",10,"EbAICC",1.44706237949544e-06,"Meandist"
"Serengeti_deVisser","all",11,"EbAICC",8.91375166330398e-06,"Meandist"
"Serengeti_deVisser","all",12,"EbAICC",0.000203993095898456,"Meandist"
"Serengeti_deVisser","all",13,"EbAICC",0.000378004984221102,"Meandist"
"Serengeti_deVisser","all",14,"EbAICC",0.000670960101775666,"Meandist"
"Serengeti_deVisser","all",15,"EbAICC",0.000230675562762713,"Meandist"
"Serengeti_Baskerville","out",2,"EbAICC",0.150592242735105,"Meandist"
"Serengeti_Baskerville","out",3,"EbAICC",4.64190842120627e-09,"Meandist"
"Serengeti_Baskerville","out",4,"EbAICC",1.89457023861832e-07,"Meandist"
"Serengeti_Baskerville","out",5,"EbAICC",6.21749639337922e-06,"Meandist"
"Serengeti_Baskerville","out",6,"EbAICC",4.25748330958245e-06,"Meandist"
"Serengeti_Baskerville","out",7,"EbAICC",4.6613024305564e-06,"Meandist"
"Serengeti_Baskerville","out",8,"EbAICC",8.33137652447308e-06,"Meandist"
"Serengeti_Baskerville","out",9,"EbAICC",2.05122761249254e-05,"Meandist"
"Serengeti_Baskerville","out",10,"EbAICC",5.07730094856789e-05,"Meandist"
"Serengeti_Baskerville","out",11,"EbAICC",3.78565635909454e-05,"Meandist"
"Serengeti_Baskerville","out",12,"EbAICC",4.69096524225892e-05,"Meandist"
"Serengeti_Baskerville","out",13,"EbAICC",5.78624087092348e-05,"Meandist"
"Serengeti_Baskerville","out",14,"EbAICC",7.69033541273129e-05,"Meandist"
"Serengeti_Baskerville","out",15,"EbAICC",2.2643630130568e-05,"Meandist"
"Serengeti_Baskerville","in",2,"EbAICC",1.25007303946521e-24,"Meandist"
"Serengeti_Baskerville","in",3,"EbAICC",1.39618776893342e-18,"Meandist"
"Serengeti_Baskerville","in",4,"EbAICC",2.02486557507984e-21,"Meandist"
"Serengeti_Baskerville","in",5,"EbAICC",1.08539994487159e-20,"Meandist"
"Serengeti_Baskerville","in",6,"EbAICC",7.03239508030865e-23,"Meandist"
"Serengeti_Baskerville","in",7,"EbAICC",6.97710151532011e-23,"Meandist"
"Serengeti_Baskerville","in",8,"EbAICC",3.84981051599055e-23,"Meandist"
"Serengeti_Baskerville","in",9,"EbAICC",6.30032662560267e-23,"Meandist"
"Serengeti_Baskerville","in",10,"EbAICC",7.11064874697677e-23,"Meandist"
"Serengeti_Baskerville","in",11,"EbAICC",6.06760136351273e-22,"Meandist"
"Serengeti_Baskerville","in",12,"EbAICC",1.40396164183666e-21,"Meandist"
"Serengeti_Baskerville","in",13,"EbAICC",4.58201353118467e-21,"Meandist"
"Serengeti_Baskerville","in",14,"EbAICC",1.64697060316665e-20,"Meandist"
"Serengeti_Baskerville","in",15,"EbAICC",1.68148094932667e-22,"Meandist"
"Serengeti_Baskerville","all",1,"EbAICC",0.000157998082494577,"Meandist"
"Serengeti_Baskerville","all",2,"EbAICC",7.99591761280399e-05,"Meandist"
"Serengeti_Baskerville","all",3,"EbAICC",5.62105363613615e-10,"Meandist"
"Serengeti_Baskerville","all",4,"EbAICC",6.55115191115856e-09,"Meandist"
"Serengeti_Baskerville","all",5,"EbAICC",2.02450377373509e-07,"Meandist"
"Serengeti_Baskerville","all",6,"EbAICC",3.88197397775578e-08,"Meandist"
"Serengeti_Baskerville","all",7,"EbAICC",2.72380803358972e-08,"Meandist"
"Serengeti_Baskerville","all",8,"EbAICC",5.52472885026348e-08,"Meandist"
"Serengeti_Baskerville","all",9,"EbAICC",2.14464004655374e-07,"Meandist"
"Serengeti_Baskerville","all",10,"EbAICC",5.49011007513125e-07,"Meandist"
"Serengeti_Baskerville","all",11,"EbAICC",4.4074058576268e-07,"Meandist"
"Serengeti_Baskerville","all",12,"EbAICC",3.81233219305465e-07,"Meandist"
"Serengeti_Baskerville","all",13,"EbAICC",4.33132623622933e-07,"Meandist"
"Serengeti_Baskerville","all",14,"EbAICC",5.24885150728552e-07,"Meandist"
"Serengeti_Baskerville","all",15,"EbAICC",8.16948124838458e-07,"Meandist"
